"day","microbe","lim","type","cID","abd"
-125,"Syn","N","Control","NL1",70773932.5
-124,"Syn","N","Control","NL1",38526488.1
-118,"Syn","N","Control","NL1",851344.287
-115,"Syn","N","Control","NL1",539841.027
-112,"Syn","N","Control","NL1",743493.63
-110,"Syn","N","Control","NL1",1441829.083
-108,"Syn","N","Control","NL1",1974078.4425
-105,"Syn","N","Control","NL1",28209983.3833333
-103,"Syn","N","Control","NL1",22618271.3
-101,"Syn","N","Control","NL1",26575734.1
-98,"Syn","N","Control","NL1",59156232.3
-96,"Syn","N","Control","NL1",99769204.5
-89,"Syn","N","Control","NL1",32864573.5
-74,"Syn","N","Control","NL1",21599518.5
-68,"Syn","N","Control","NL1",97124365.5
-62,"Syn","N","Control","NL1",196648677.5
-55,"Syn","N","Control","NL1",166330986
-48,"Syn","N","Control","NL1",159816845.5
-46,"Syn","N","Control","NL1",149629317.5
-45,"Syn","N","Control","NL1",123621734
-41,"Syn","N","Control","NL1",76896245
-39,"Syn","N","Control","NL1",109222055
-34,"Syn","N","Control","NL1",111768937
-32,"Syn","N","Control","NL1",27183067.5
-27,"Syn","N","Control","NL1",62839415.5
-24,"Syn","N","Control","NL1",138119370
-19,"Syn","N","Control","NL1",84634848
-17,"Syn","N","Control","NL1",91344902.5
-13,"Syn","N","Control","NL1",100797753
-11,"Syn","N","Control","NL1",41925596
-6,"Syn","N","Control","NL1",49786645.25
0,"Syn","N","Control","NL1",93622402.75
2,"Syn","N","Control","NL1",20448523.75
4,"Syn","N","Control","NL1",21746454
7,"Syn","N","Control","NL1",21868900.25
9,"Syn","N","Control","NL1",18053475.1
11,"Syn","N","Control","NL1",27604282.6
14,"Syn","N","Control","NL1",17305736.6666667
16,"Syn","N","Control","NL1",7751663.93333333
18,"Syn","N","Control","NL1",5557427.13333333
21,"Syn","N","Control","NL1",6752502.53333333
23,"Syn","N","Control","NL1",5211312.4
25,"Syn","N","Control","NL1",4264394.73333333
28,"Syn","N","Control","NL1",8587563.66666667
30,"Syn","N","Control","NL1",9906717.93333333
32,"Syn","N","Control","NL1",36231029.0666667
35,"Syn","N","Control","NL1",10370381.0666667
37,"Syn","N","Control","NL1",15104969.4
39,"Syn","N","Control","NL1",14249478.2666667
42,"Syn","N","Control","NL1",17880417.7333333
44,"Syn","N","Control","NL1",24450067.2
46,"Syn","N","Control","NL1",23352948.8
49,"Syn","N","Control","NL1",25436167.6666667
51,"Syn","N","Control","NL1",18415916
53,"Syn","N","Control","NL1",14478044.6
56,"Syn","N","Control","NL1",8372058.26666667
58,"Syn","N","Control","NL1",10050388.2
60,"Syn","N","Control","NL1",13385824.05
63,"Syn","N","Control","NL1",8047167.55
65,"Syn","N","Control","NL1",16189026.8666667
67,"Syn","N","Control","NL1",5069274.75
70,"Syn","N","Control","NL1",10530377.5
72,"Syn","N","Control","NL1",14384985.45
74,"Syn","N","Control","NL1",13273173.5
77,"Syn","N","Control","NL1",15851891.525
79,"Syn","N","Control","NL1",11801369.575
81,"Syn","N","Control","NL1",13525412.775
84,"Syn","N","Control","NL1",14610286.55
86,"Syn","N","Control","NL1",14056829.5
88,"Syn","N","Control","NL1",16057601.225
91,"Syn","N","Control","NL1",7870844.95
93,"Syn","N","Control","NL1",8318508.44
95,"Syn","N","Control","NL1",9141347.24
98,"Syn","N","Control","NL1",8428220.28
100,"Syn","N","Control","NL1",8216633.16
102,"Syn","N","Control","NL1",8818089.14
105,"Syn","N","Control","NL1",7809132.04
107,"Syn","N","Control","NL1",9972022.6
109,"Syn","N","Control","NL1",13273173.5
112,"Syn","N","Control","NL1",11202362.52
114,"Syn","N","Control","NL1",11764635.7
117,"Syn","N","Control","NL1",6724748.05
119,"Syn","N","Control","NL1",9343138.66
121,"Syn","N","Control","NL1",8404710.6
125,"Syn","N","Control","NL1",8046187.98
129,"Syn","N","Control","NL1",15443900.62
131,"Syn","N","Control","NL1",7883089.575
135,"Syn","N","Control","NL1",18707338.075
144,"Syn","N","Control","NL1",11524641.05
146,"Syn","N","Control","NL1",9347546.725
149,"Syn","N","Control","NL1",10586702.775
156,"Syn","N","Control","NL1",21106672.34375
158,"Syn","N","Control","NL1",2234644.0625
160,"Syn","N","Control","NL1",10770168.0729167
166,"Syn","N","Control","NL1",22299911.05
-125,"Syn","N","Infect","NL2",84272407.1
-124,"Syn","N","Infect","NL2",41994165.9
-118,"Syn","N","Infect","NL2",3367075.961
-115,"Syn","N","Infect","NL2",2042036.11125
-112,"Syn","N","Infect","NL2",1505435.82833333
-110,"Syn","N","Infect","NL2",2084688.22166667
-108,"Syn","N","Infect","NL2",2251664.09125
-105,"Syn","N","Infect","NL2",30143001.5166667
-103,"Syn","N","Infect","NL2",16865746.475
-101,"Syn","N","Infect","NL2",122730325.3
-98,"Syn","N","Infect","NL2",64945491
-96,"Syn","N","Infect","NL2",93597913.5
-89,"Syn","N","Infect","NL2",177547062.5
-74,"Syn","N","Infect","NL2",8110839.6
-68,"Syn","N","Infect","NL2",53347382.2
-62,"Syn","N","Infect","NL2",118332056
-55,"Syn","N","Infect","NL2",106479259
-48,"Syn","N","Infect","NL2",120683024
-46,"Syn","N","Infect","NL2",193220182.5
-45,"Syn","N","Infect","NL2",170494158.5
-41,"Syn","N","Infect","NL2",121417701.5
-39,"Syn","N","Infect","NL2",79492105.5
-34,"Syn","N","Infect","NL2",101532430.5
-32,"Syn","N","Infect","NL2",84291998.5
-27,"Syn","N","Infect","NL2",201938355.5
-24,"Syn","N","Infect","NL2",59361942
-19,"Syn","N","Infect","NL2",115295389
-17,"Syn","N","Infect","NL2",34382907
-13,"Syn","N","Infect","NL2",67688287
-11,"Syn","N","Infect","NL2",32717638
-6,"Syn","N","Infect","NL2",42390891.75
0,"Syn","N","Infect","NL2",17215942.75
2,"Syn","N","Infect","NL2",9599786
4,"Syn","N","Infect","NL2",6576179.93333333
7,"Syn","N","Infect","NL2",7826764.3
9,"Syn","N","Infect","NL2",5740280.2
11,"Syn","N","Infect","NL2",4678426.32
14,"Syn","N","Infect","NL2",2777080.95
16,"Syn","N","Infect","NL2",649781.433333333
18,"Syn","N","Infect","NL2",1624686.81428571
21,"Syn","N","Infect","NL2",1310524.72142857
23,"Syn","N","Infect","NL2",93339.0271428572
25,"Syn","N","Infect","NL2",218150.239
28,"Syn","N","Infect","NL2",619088.24
30,"Syn","N","Infect","NL2",1031737.79767442
32,"Syn","N","Infect","NL2",754004.151351352
35,"Syn","N","Infect","NL2",587609.625675676
37,"Syn","N","Infect","NL2",1419582.25405405
39,"Syn","N","Infect","NL2",726205.543243243
42,"Syn","N","Infect","NL2",490049.748648649
44,"Syn","N","Infect","NL2",175263.605405405
46,"Syn","N","Infect","NL2",187551.817073171
49,"Syn","N","Infect","NL2",290339.991860465
51,"Syn","N","Infect","NL2",140028.275641026
53,"Syn","N","Infect","NL2",344858.874358974
56,"Syn","N","Infect","NL2",397228.193589744
58,"Syn","N","Infect","NL2",949203.33
60,"Syn","N","Infect","NL2",1108016.11625
63,"Syn","N","Infect","NL2",2469618.41625
65,"Syn","N","Infect","NL2",1496415.62125
67,"Syn","N","Infect","NL2",1796951.19571429
70,"Syn","N","Infect","NL2",953121.61
72,"Syn","N","Infect","NL2",3387353.06
74,"Syn","N","Infect","NL2",3066054.1
77,"Syn","N","Infect","NL2",5031561.305
79,"Syn","N","Infect","NL2",20585663.55
81,"Syn","N","Infect","NL2",17061170.69
84,"Syn","N","Infect","NL2",13887503.8285714
86,"Syn","N","Infect","NL2",78199073.1
88,"Syn","N","Infect","NL2",69005808.65
91,"Syn","N","Infect","NL2",54571844.7
93,"Syn","N","Infect","NL2",44851245.0666667
95,"Syn","N","Infect","NL2",43153323.7333333
98,"Syn","N","Infect","NL2",84902597.1333333
100,"Syn","N","Infect","NL2",56521189
102,"Syn","N","Infect","NL2",42957409.7333333
105,"Syn","N","Infect","NL2",29772397.5333333
107,"Syn","N","Infect","NL2",25116174.8
109,"Syn","N","Infect","NL2",28877723.6
112,"Syn","N","Infect","NL2",26696547.7333333
114,"Syn","N","Infect","NL2",28094067.6
117,"Syn","N","Infect","NL2",53190651
119,"Syn","N","Infect","NL2",37155090.1
121,"Syn","N","Infect","NL2",24058239.2
125,"Syn","N","Infect","NL2",23640289.3333333
129,"Syn","N","Infect","NL2",23783959.6
131,"Syn","N","Infect","NL2",20564439.5333333
135,"Syn","N","Infect","NL2",39052190.6666667
144,"Syn","N","Infect","NL2",27493264.6666667
146,"Syn","N","Infect","NL2",18807744
149,"Syn","N","Infect","NL2",17351449.9333333
156,"Syn","N","Infect","NL2",33006066.9444444
158,"Syn","N","Infect","NL2",12884066.5277778
160,"Syn","N","Infect","NL2",24040280.4166667
166,"Syn","N","Infect","NL2",20629744.2
-125,"Phage","N","Infect","NL2",NA
-124,"Phage","N","Infect","NL2",NA
-118,"Phage","N","Infect","NL2",NA
-115,"Phage","N","Infect","NL2",NA
-112,"Phage","N","Infect","NL2",NA
-110,"Phage","N","Infect","NL2",NA
-108,"Phage","N","Infect","NL2",NA
-105,"Phage","N","Infect","NL2",NA
-103,"Phage","N","Infect","NL2",NA
-101,"Phage","N","Infect","NL2",NA
-98,"Phage","N","Infect","NL2",NA
-96,"Phage","N","Infect","NL2",NA
-89,"Phage","N","Infect","NL2",NA
-74,"Phage","N","Infect","NL2",NA
-68,"Phage","N","Infect","NL2",NA
-62,"Phage","N","Infect","NL2",NA
-55,"Phage","N","Infect","NL2",NA
-48,"Phage","N","Infect","NL2",NA
-46,"Phage","N","Infect","NL2",NA
-45,"Phage","N","Infect","NL2",NA
-41,"Phage","N","Infect","NL2",NA
-39,"Phage","N","Infect","NL2",NA
-34,"Phage","N","Infect","NL2",NA
-32,"Phage","N","Infect","NL2",NA
-27,"Phage","N","Infect","NL2",NA
-24,"Phage","N","Infect","NL2",NA
-19,"Phage","N","Infect","NL2",NA
-17,"Phage","N","Infect","NL2",NA
-13,"Phage","N","Infect","NL2",NA
-11,"Phage","N","Infect","NL2",NA
-6,"Phage","N","Infect","NL2",NA
0,"Phage","N","Infect","NL2",NA
2,"Phage","N","Infect","NL2",2102120.50533333
4,"Phage","N","Infect","NL2",32876397.0117143
7,"Phage","N","Infect","NL2",90504453.8868889
9,"Phage","N","Infect","NL2",212132408.739333
11,"Phage","N","Infect","NL2",308949211.042727
14,"Phage","N","Infect","NL2",572397140.081
16,"Phage","N","Infect","NL2",573074216.267647
18,"Phage","N","Infect","NL2",439955081.057143
21,"Phage","N","Infect","NL2",554770148.4
23,"Phage","N","Infect","NL2",365786749.0225
25,"Phage","N","Infect","NL2",127846069.455
28,"Phage","N","Infect","NL2",146960746.0425
30,"Phage","N","Infect","NL2",245734725.99
32,"Phage","N","Infect","NL2",307227677.8025
35,"Phage","N","Infect","NL2",274303017.82
37,"Phage","N","Infect","NL2",187797993.0775
39,"Phage","N","Infect","NL2",137981293.32
42,"Phage","N","Infect","NL2",217095309.782
44,"Phage","N","Infect","NL2",100735827.374
46,"Phage","N","Infect","NL2",131461558.67
49,"Phage","N","Infect","NL2",118105981.023333
51,"Phage","N","Infect","NL2",40327522.326
53,"Phage","N","Infect","NL2",28354918.696
56,"Phage","N","Infect","NL2",77898128.2857143
58,"Phage","N","Infect","NL2",287444093.374286
60,"Phage","N","Infect","NL2",109088990.434667
63,"Phage","N","Infect","NL2",45430696.4475
65,"Phage","N","Infect","NL2",123570139.587143
67,"Phage","N","Infect","NL2",123570139.587143
70,"Phage","N","Infect","NL2",22488850.9485714
72,"Phage","N","Infect","NL2",1422487.56
74,"Phage","N","Infect","NL2",1446195.686
77,"Phage","N","Infect","NL2",125257932.366667
79,"Phage","N","Infect","NL2",182048772.5225
81,"Phage","N","Infect","NL2",16704350.4441667
84,"Phage","N","Infect","NL2",14150787.70625
86,"Phage","N","Infect","NL2",24577423.9533333
88,"Phage","N","Infect","NL2",3962643.91714286
91,"Phage","N","Infect","NL2",20380521.1721429
93,"Phage","N","Infect","NL2",38620537.254
95,"Phage","N","Infect","NL2",46823548.85
98,"Phage","N","Infect","NL2",127278767.868571
100,"Phage","N","Infect","NL2",41082795.4828572
102,"Phage","N","Infect","NL2",49194361.45
105,"Phage","N","Infect","NL2",64762697.5233333
107,"Phage","N","Infect","NL2",179391486.733333
109,"Phage","N","Infect","NL2",114095356.375
112,"Phage","N","Infect","NL2",177858361.252
114,"Phage","N","Infect","NL2",169953394.668571
117,"Phage","N","Infect","NL2",291271262.285714
119,"Phage","N","Infect","NL2",156781837.238
121,"Phage","N","Infect","NL2",129754573.598
125,"Phage","N","Infect","NL2",222808968.148
129,"Phage","N","Infect","NL2",84519469.19
131,"Phage","N","Infect","NL2",97227024.726
135,"Phage","N","Infect","NL2",86273870.514
144,"Phage","N","Infect","NL2",130821439.268
146,"Phage","N","Infect","NL2",181367163.9
149,"Phage","N","Infect","NL2",157137459.128
156,"Phage","N","Infect","NL2",NA
158,"Phage","N","Infect","NL2",NA
160,"Phage","N","Infect","NL2",NA
166,"Phage","N","Infect","NL2",NA
-125,"Syn","N","Infect","NL3",137071230.1
-124,"Syn","N","Infect","NL3",47430779.4
-118,"Syn","N","Infect","NL3",1803584.284
-115,"Syn","N","Infect","NL3",1229850.135
-112,"Syn","N","Infect","NL3",2348845.59833333
-110,"Syn","N","Infect","NL3",3536002.8075
-108,"Syn","N","Infect","NL3",15877850.13
-105,"Syn","N","Infect","NL3",66855652.5
-103,"Syn","N","Infect","NL3",76288911.6
-101,"Syn","N","Infect","NL3",205983979.6
-98,"Syn","N","Infect","NL3",217131486.2
-96,"Syn","N","Infect","NL3",157661791.5
-89,"Syn","N","Infect","NL3",114560711.5
-74,"Syn","N","Infect","NL3",105695603
-68,"Syn","N","Infect","NL3",234704972
-62,"Syn","N","Infect","NL3",138854047.5
-55,"Syn","N","Infect","NL3",209481044.5
-48,"Syn","N","Infect","NL3",206444377.5
-46,"Syn","N","Infect","NL3",70529040
-45,"Syn","N","Infect","NL3",153008834
-41,"Syn","N","Infect","NL3",39721563.5
-39,"Syn","N","Infect","NL3",101434473.5
-34,"Syn","N","Infect","NL3",117401464.5
-32,"Syn","N","Infect","NL3",125091089
-27,"Syn","N","Infect","NL3",192779376
-24,"Syn","N","Infect","NL3",57892587
-19,"Syn","N","Infect","NL3",253218845
-17,"Syn","N","Infect","NL3",168339104.5
-13,"Syn","N","Infect","NL3",113532163
-11,"Syn","N","Infect","NL3",88455171
-6,"Syn","N","Infect","NL3",81083906.75
0,"Syn","N","Infect","NL3",29485057
2,"Syn","N","Infect","NL3",22353787.4
4,"Syn","N","Infect","NL3",47166295.5
7,"Syn","N","Infect","NL3",4597448.53333333
9,"Syn","N","Infect","NL3",5890480.93333333
11,"Syn","N","Infect","NL3",5505183.4
14,"Syn","N","Infect","NL3",1399385.71428571
16,"Syn","N","Infect","NL3",621581.690909091
18,"Syn","N","Infect","NL3",484887.15
21,"Syn","N","Infect","NL3",643017.735714286
23,"Syn","N","Infect","NL3",479989.3
25,"Syn","N","Infect","NL3",1103387.648
28,"Syn","N","Infect","NL3",2445202.634
30,"Syn","N","Infect","NL3",1149514.00465116
32,"Syn","N","Infect","NL3",569871.466216216
35,"Syn","N","Infect","NL3",662533.493243243
37,"Syn","N","Infect","NL3",356930.81875
39,"Syn","N","Infect","NL3",439122.8640625
42,"Syn","N","Infect","NL3",444479.8875
44,"Syn","N","Infect","NL3",300299.428125
46,"Syn","N","Infect","NL3",868909.2015625
49,"Syn","N","Infect","NL3",743248.7375
51,"Syn","N","Infect","NL3",1826898.05
53,"Syn","N","Infect","NL3",2234399.17
56,"Syn","N","Infect","NL3",2329335.82916667
58,"Syn","N","Infect","NL3",7209022.96875
60,"Syn","N","Infect","NL3",9158979.5
63,"Syn","N","Infect","NL3",13918710.13
65,"Syn","N","Infect","NL3",11583415.25
67,"Syn","N","Infect","NL3",8293284.5125
70,"Syn","N","Infect","NL3",5735382.35
72,"Syn","N","Infect","NL3",14102542.7666667
74,"Syn","N","Infect","NL3",17505895.47
77,"Syn","N","Infect","NL3",18093637.47
79,"Syn","N","Infect","NL3",23209686.6875
81,"Syn","N","Infect","NL3",22727248.4625
84,"Syn","N","Infect","NL3",18848326.1857143
86,"Syn","N","Infect","NL3",41768864.8
88,"Syn","N","Infect","NL3",50140923.0666667
91,"Syn","N","Infect","NL3",36276742.3333333
93,"Syn","N","Infect","NL3",35083299.55
95,"Syn","N","Infect","NL3",28603444
98,"Syn","N","Infect","NL3",40608074.35
100,"Syn","N","Infect","NL3",80035766.85
102,"Syn","N","Infect","NL3",75270158.8
105,"Syn","N","Infect","NL3",40012169.2666667
107,"Syn","N","Infect","NL3",39770542
109,"Syn","N","Infect","NL3",24959443.6
112,"Syn","N","Infect","NL3",17273084.3333333
114,"Syn","N","Infect","NL3",19175082.75
117,"Syn","N","Infect","NL3",29960148.45
119,"Syn","N","Infect","NL3",22726024
121,"Syn","N","Infect","NL3",13738469.25
125,"Syn","N","Infect","NL3",9000289.16
129,"Syn","N","Infect","NL3",9282405.32
131,"Syn","N","Infect","NL3",18200410.6
135,"Syn","N","Infect","NL3",14279681.675
144,"Syn","N","Infect","NL3",14015197.775
146,"Syn","N","Infect","NL3",14669060.75
149,"Syn","N","Infect","NL3",11833205.6
156,"Syn","N","Infect","NL3",6918213.125
158,"Syn","N","Infect","NL3",12691043.6197917
160,"Syn","N","Infect","NL3",15935869.2447917
166,"Syn","N","Infect","NL3",17710625.6
-125,"Phage","N","Infect","NL3",NA
-124,"Phage","N","Infect","NL3",NA
-118,"Phage","N","Infect","NL3",NA
-115,"Phage","N","Infect","NL3",NA
-112,"Phage","N","Infect","NL3",NA
-110,"Phage","N","Infect","NL3",NA
-108,"Phage","N","Infect","NL3",NA
-105,"Phage","N","Infect","NL3",NA
-103,"Phage","N","Infect","NL3",NA
-101,"Phage","N","Infect","NL3",NA
-98,"Phage","N","Infect","NL3",NA
-96,"Phage","N","Infect","NL3",NA
-89,"Phage","N","Infect","NL3",NA
-74,"Phage","N","Infect","NL3",NA
-68,"Phage","N","Infect","NL3",NA
-62,"Phage","N","Infect","NL3",NA
-55,"Phage","N","Infect","NL3",NA
-48,"Phage","N","Infect","NL3",NA
-46,"Phage","N","Infect","NL3",NA
-45,"Phage","N","Infect","NL3",NA
-41,"Phage","N","Infect","NL3",NA
-39,"Phage","N","Infect","NL3",NA
-34,"Phage","N","Infect","NL3",NA
-32,"Phage","N","Infect","NL3",NA
-27,"Phage","N","Infect","NL3",NA
-24,"Phage","N","Infect","NL3",NA
-19,"Phage","N","Infect","NL3",NA
-17,"Phage","N","Infect","NL3",NA
-13,"Phage","N","Infect","NL3",NA
-11,"Phage","N","Infect","NL3",NA
-6,"Phage","N","Infect","NL3",NA
0,"Phage","N","Infect","NL3",NA
2,"Phage","N","Infect","NL3",2362909.89133333
4,"Phage","N","Infect","NL3",26620838.6228571
7,"Phage","N","Infect","NL3",99152651.4044445
9,"Phage","N","Infect","NL3",431590628.412667
11,"Phage","N","Infect","NL3",591334544.544545
14,"Phage","N","Infect","NL3",710579952.472
16,"Phage","N","Infect","NL3",851690718.424
18,"Phage","N","Infect","NL3",634056895.494286
21,"Phage","N","Infect","NL3",860706580.054286
23,"Phage","N","Infect","NL3",887928589.015
25,"Phage","N","Infect","NL3",257440613.2025
28,"Phage","N","Infect","NL3",443253050.7275
30,"Phage","N","Infect","NL3",940323547.475
32,"Phage","N","Infect","NL3",716400297.405
35,"Phage","N","Infect","NL3",719393448.3125
37,"Phage","N","Infect","NL3",461982470.2675
39,"Phage","N","Infect","NL3",488654112.0175
42,"Phage","N","Infect","NL3",421008901.508
44,"Phage","N","Infect","NL3",263089074.222
46,"Phage","N","Infect","NL3",350382394.154
49,"Phage","N","Infect","NL3",310766115.608
51,"Phage","N","Infect","NL3",173140444.178
53,"Phage","N","Infect","NL3",136392848.878
56,"Phage","N","Infect","NL3",168818791.495714
58,"Phage","N","Infect","NL3",127857923.518
60,"Phage","N","Infect","NL3",117544888.708
63,"Phage","N","Infect","NL3",82929049.0708333
65,"Phage","N","Infect","NL3",104695084.416
67,"Phage","N","Infect","NL3",74782203.1542857
70,"Phage","N","Infect","NL3",6282653.39
72,"Phage","N","Infect","NL3",79896384.62
74,"Phage","N","Infect","NL3",70753938.53125
77,"Phage","N","Infect","NL3",68501666.56125
79,"Phage","N","Infect","NL3",110851953.026389
81,"Phage","N","Infect","NL3",52024518.99125
84,"Phage","N","Infect","NL3",41150532.9857143
86,"Phage","N","Infect","NL3",45243007.1166667
88,"Phage","N","Infect","NL3",66935942.4066667
91,"Phage","N","Infect","NL3",97183559.8283333
93,"Phage","N","Infect","NL3",76004300.6016667
95,"Phage","N","Infect","NL3",84262631.1583333
98,"Phage","N","Infect","NL3",160128634.358333
100,"Phage","N","Infect","NL3",146476705.136667
102,"Phage","N","Infect","NL3",125155197.154
105,"Phage","N","Infect","NL3",156070593.458
107,"Phage","N","Infect","NL3",561906294.326
109,"Phage","N","Infect","NL3",583901508.2225
112,"Phage","N","Infect","NL3",307583299.6925
114,"Phage","N","Infect","NL3",240795533.073333
117,"Phage","N","Infect","NL3",536435864.293333
119,"Phage","N","Infect","NL3",276258938.215
121,"Phage","N","Infect","NL3",237436881.89
125,"Phage","N","Infect","NL3",222698330.226667
129,"Phage","N","Infect","NL3",184093598.39
131,"Phage","N","Infect","NL3",163072393.336667
135,"Phage","N","Infect","NL3",214795621.56
144,"Phage","N","Infect","NL3",392646080.103333
146,"Phage","N","Infect","NL3",214795621.56
149,"Phage","N","Infect","NL3",261895765.213333
156,"Phage","N","Infect","NL3",NA
158,"Phage","N","Infect","NL3",NA
160,"Phage","N","Infect","NL3",NA
166,"Phage","N","Infect","NL3",NA
-125,"Syn","N","Control","NL4",99710430.3
-124,"Syn","N","Control","NL4",53729414.5
-118,"Syn","N","Control","NL4",1383642.625
-115,"Syn","N","Control","NL4",1235727.555
-112,"Syn","N","Control","NL4",1640779.75
-110,"Syn","N","Control","NL4",2690715.52833333
-108,"Syn","N","Control","NL4",2403497.44125
-105,"Syn","N","Control","NL4",38949335.8166667
-103,"Syn","N","Control","NL4",36873463.725
-101,"Syn","N","Control","NL4",47763833.2
-98,"Syn","N","Control","NL4",111377109
-96,"Syn","N","Control","NL4",405688915.5
-89,"Syn","N","Control","NL4",508200916
-74,"Syn","N","Control","NL4",36954278.25
-68,"Syn","N","Control","NL4",12783388.5
-62,"Syn","N","Control","NL4",NA
-55,"Syn","N","Control","NL4",NA
-48,"Syn","N","Control","NL4",NA
-46,"Syn","N","Control","NL4",NA
-45,"Syn","N","Control","NL4",NA
-41,"Syn","N","Control","NL4",NA
-39,"Syn","N","Control","NL4",NA
-34,"Syn","N","Control","NL4",NA
-32,"Syn","N","Control","NL4",NA
-27,"Syn","N","Control","NL4",NA
-24,"Syn","N","Control","NL4",NA
-19,"Syn","N","Control","NL4",NA
-17,"Syn","N","Control","NL4",NA
-13,"Syn","N","Control","NL4",NA
-11,"Syn","N","Control","NL4",NA
-6,"Syn","N","Control","NL4",NA
0,"Syn","N","Control","NL4",NA
2,"Syn","N","Control","NL4",NA
4,"Syn","N","Control","NL4",NA
7,"Syn","N","Control","NL4",NA
9,"Syn","N","Control","NL4",NA
11,"Syn","N","Control","NL4",NA
14,"Syn","N","Control","NL4",NA
16,"Syn","N","Control","NL4",NA
18,"Syn","N","Control","NL4",NA
21,"Syn","N","Control","NL4",NA
23,"Syn","N","Control","NL4",NA
25,"Syn","N","Control","NL4",NA
28,"Syn","N","Control","NL4",NA
30,"Syn","N","Control","NL4",NA
32,"Syn","N","Control","NL4",NA
35,"Syn","N","Control","NL4",NA
37,"Syn","N","Control","NL4",NA
39,"Syn","N","Control","NL4",NA
42,"Syn","N","Control","NL4",NA
44,"Syn","N","Control","NL4",NA
46,"Syn","N","Control","NL4",NA
49,"Syn","N","Control","NL4",NA
51,"Syn","N","Control","NL4",NA
53,"Syn","N","Control","NL4",NA
56,"Syn","N","Control","NL4",NA
58,"Syn","N","Control","NL4",NA
60,"Syn","N","Control","NL4",NA
63,"Syn","N","Control","NL4",NA
65,"Syn","N","Control","NL4",NA
67,"Syn","N","Control","NL4",NA
70,"Syn","N","Control","NL4",NA
72,"Syn","N","Control","NL4",NA
74,"Syn","N","Control","NL4",NA
77,"Syn","N","Control","NL4",NA
79,"Syn","N","Control","NL4",NA
81,"Syn","N","Control","NL4",NA
84,"Syn","N","Control","NL4",NA
86,"Syn","N","Control","NL4",NA
88,"Syn","N","Control","NL4",NA
91,"Syn","N","Control","NL4",NA
93,"Syn","N","Control","NL4",NA
95,"Syn","N","Control","NL4",NA
98,"Syn","N","Control","NL4",NA
100,"Syn","N","Control","NL4",NA
102,"Syn","N","Control","NL4",NA
105,"Syn","N","Control","NL4",NA
107,"Syn","N","Control","NL4",NA
109,"Syn","N","Control","NL4",NA
112,"Syn","N","Control","NL4",NA
114,"Syn","N","Control","NL4",NA
117,"Syn","N","Control","NL4",NA
119,"Syn","N","Control","NL4",NA
121,"Syn","N","Control","NL4",NA
125,"Syn","N","Control","NL4",NA
129,"Syn","N","Control","NL4",NA
131,"Syn","N","Control","NL4",NA
135,"Syn","N","Control","NL4",NA
144,"Syn","N","Control","NL4",NA
146,"Syn","N","Control","NL4",NA
149,"Syn","N","Control","NL4",NA
156,"Syn","N","Control","NL4",NA
158,"Syn","N","Control","NL4",NA
160,"Syn","N","Control","NL4",NA
166,"Syn","N","Control","NL4",NA
-125,"Syn","N","Infect","NL5",91472246.6
-124,"Syn","N","Infect","NL5",49987457.1
-118,"Syn","N","Infect","NL5",863001.17
-115,"Syn","N","Infect","NL5",737224.382
-112,"Syn","N","Infect","NL5",819312.348
-110,"Syn","N","Infect","NL5",2087365.713
-108,"Syn","N","Infect","NL5",2407538.1675
-105,"Syn","N","Infect","NL5",27166741.3333333
-103,"Syn","N","Infect","NL5",24503943.55
-101,"Syn","N","Infect","NL5",45040628.6
-98,"Syn","N","Infect","NL5",132036240.3
-96,"Syn","N","Infect","NL5",111083238
-89,"Syn","N","Infect","NL5",74937105
-74,"Syn","N","Infect","NL5",31787046.5
-68,"Syn","N","Infect","NL5",36684896.5
-62,"Syn","N","Infect","NL5",156388350.5
-55,"Syn","N","Infect","NL5",92177537
-48,"Syn","N","Infect","NL5",103834420
-46,"Syn","N","Infect","NL5",65288340.5
-45,"Syn","N","Infect","NL5",279569278
-41,"Syn","N","Infect","NL5",73516728.5
-39,"Syn","N","Infect","NL5",84830762
-34,"Syn","N","Infect","NL5",125091089
-32,"Syn","N","Infect","NL5",78708449.5
-27,"Syn","N","Infect","NL5",261055405
-24,"Syn","N","Infect","NL5",221382820
-19,"Syn","N","Infect","NL5",139098940
-17,"Syn","N","Infect","NL5",232941746
-13,"Syn","N","Infect","NL5",105156839.5
-11,"Syn","N","Infect","NL5",83410385.5
-6,"Syn","N","Infect","NL5",28529976.25
0,"Syn","N","Infect","NL5",35533901.75
2,"Syn","N","Infect","NL5",23186421.9
4,"Syn","N","Infect","NL5",9103470.53333334
7,"Syn","N","Infect","NL5",16894317.2666667
9,"Syn","N","Infect","NL5",4022767.46666667
11,"Syn","N","Infect","NL5",2217746.48
14,"Syn","N","Infect","NL5",1834244.825
16,"Syn","N","Infect","NL5",475091.45
18,"Syn","N","Infect","NL5",1309125.33571429
21,"Syn","N","Infect","NL5",706689.785714286
23,"Syn","N","Infect","NL5",134480.967142857
25,"Syn","N","Infect","NL5",613602.648
28,"Syn","N","Infect","NL5",1036189.146
30,"Syn","N","Infect","NL5",830128.623255814
32,"Syn","N","Infect","NL5",299165.972972973
35,"Syn","N","Infect","NL5",291885.385135135
37,"Syn","N","Infect","NL5",199434.3296875
39,"Syn","N","Infect","NL5",117089.2265625
42,"Syn","N","Infect","NL5",217648.209375
44,"Syn","N","Infect","NL5",238923.2453125
46,"Syn","N","Infect","NL5",508304.9953125
49,"Syn","N","Infect","NL5",1744093.7734375
51,"Syn","N","Infect","NL5",1982061.938
53,"Syn","N","Infect","NL5",938183.1675
56,"Syn","N","Infect","NL5",5210904.24583333
58,"Syn","N","Infect","NL5",10987714.24375
60,"Syn","N","Infect","NL5",14036258.53
63,"Syn","N","Infect","NL5",18726439.69
65,"Syn","N","Infect","NL5",9395300.7625
67,"Syn","N","Infect","NL5",7659012.9375
70,"Syn","N","Infect","NL5",12110283.9714286
72,"Syn","N","Infect","NL5",12060139.3166667
74,"Syn","N","Infect","NL5",19595318.28
77,"Syn","N","Infect","NL5",16934806.16
79,"Syn","N","Infect","NL5",24616594.1
81,"Syn","N","Infect","NL5",19110186.2375
84,"Syn","N","Infect","NL5",18375508.7375
86,"Syn","N","Infect","NL5",41119899.675
88,"Syn","N","Infect","NL5",54986529.3333333
91,"Syn","N","Infect","NL5",35542064.8333333
93,"Syn","N","Infect","NL5",34378009.15
95,"Syn","N","Infect","NL5",19895066.7
98,"Syn","N","Infect","NL5",61115372.3
100,"Syn","N","Infect","NL5",22059916.4
102,"Syn","N","Infect","NL5",18063270.8
105,"Syn","N","Infect","NL5",8688785.9
107,"Syn","N","Infect","NL5",5113355.4
109,"Syn","N","Infect","NL5",4809688.7
112,"Syn","N","Infect","NL5",3484003.96666667
114,"Syn","N","Infect","NL5",5204781.93333333
117,"Syn","N","Infect","NL5",11477295.1666667
119,"Syn","N","Infect","NL5",7332081.45
121,"Syn","N","Infect","NL5",18799580.9166667
125,"Syn","N","Infect","NL5",11265055
129,"Syn","N","Infect","NL5",7714113.75
131,"Syn","N","Infect","NL5",11460969
135,"Syn","N","Infect","NL5",9021839.7
144,"Syn","N","Infect","NL5",18717623.56
146,"Syn","N","Infect","NL5",16941663.15
149,"Syn","N","Infect","NL5",37879971.9
156,"Syn","N","Infect","NL5",119732024.791667
158,"Syn","N","Infect","NL5",28580995.5208333
160,"Syn","N","Infect","NL5",NA
166,"Syn","N","Infect","NL5",182017166.933333
-125,"Phage","N","Infect","NL5",NA
-124,"Phage","N","Infect","NL5",NA
-118,"Phage","N","Infect","NL5",NA
-115,"Phage","N","Infect","NL5",NA
-112,"Phage","N","Infect","NL5",NA
-110,"Phage","N","Infect","NL5",NA
-108,"Phage","N","Infect","NL5",NA
-105,"Phage","N","Infect","NL5",NA
-103,"Phage","N","Infect","NL5",NA
-101,"Phage","N","Infect","NL5",NA
-98,"Phage","N","Infect","NL5",NA
-96,"Phage","N","Infect","NL5",NA
-89,"Phage","N","Infect","NL5",NA
-74,"Phage","N","Infect","NL5",NA
-68,"Phage","N","Infect","NL5",NA
-62,"Phage","N","Infect","NL5",NA
-55,"Phage","N","Infect","NL5",NA
-48,"Phage","N","Infect","NL5",NA
-46,"Phage","N","Infect","NL5",NA
-45,"Phage","N","Infect","NL5",NA
-41,"Phage","N","Infect","NL5",NA
-39,"Phage","N","Infect","NL5",NA
-34,"Phage","N","Infect","NL5",NA
-32,"Phage","N","Infect","NL5",NA
-27,"Phage","N","Infect","NL5",NA
-24,"Phage","N","Infect","NL5",NA
-19,"Phage","N","Infect","NL5",NA
-17,"Phage","N","Infect","NL5",NA
-13,"Phage","N","Infect","NL5",NA
-11,"Phage","N","Infect","NL5",NA
-6,"Phage","N","Infect","NL5",NA
0,"Phage","N","Infect","NL5",NA
2,"Phage","N","Infect","NL5",2299688.222
4,"Phage","N","Infect","NL5",31735020.0885714
7,"Phage","N","Infect","NL5",80533869.7857778
9,"Phage","N","Infect","NL5",509424406.070667
11,"Phage","N","Infect","NL5",541202634.475455
14,"Phage","N","Infect","NL5",700895183.001
16,"Phage","N","Infect","NL5",789496401.217333
18,"Phage","N","Infect","NL5",914930451.091429
21,"Phage","N","Infect","NL5",837591157.204286
23,"Phage","N","Infect","NL5",963024078.12
25,"Phage","N","Infect","NL5",347620397.475
28,"Phage","N","Infect","NL5",790991988.8325
30,"Phage","N","Infect","NL5",1029347560.605
32,"Phage","N","Infect","NL5",890566118.0325
35,"Phage","N","Infect","NL5",817811806.37
37,"Phage","N","Infect","NL5",507798423.7625
39,"Phage","N","Infect","NL5",559393232.97
42,"Phage","N","Infect","NL5",615225869.7
44,"Phage","N","Infect","NL5",355574473.748
46,"Phage","N","Infect","NL5",448344370.786
49,"Phage","N","Infect","NL5",294360092.416
51,"Phage","N","Infect","NL5",360482055.83
53,"Phage","N","Infect","NL5",161642003.068
56,"Phage","N","Infect","NL5",341380080.024286
58,"Phage","N","Infect","NL5",74883809.4085714
60,"Phage","N","Infect","NL5",83294549.3466667
63,"Phage","N","Infect","NL5",61008910.9066667
65,"Phage","N","Infect","NL5",66636768.4357143
67,"Phage","N","Infect","NL5",66636768.4357143
70,"Phage","N","Infect","NL5",37170954.6928571
72,"Phage","N","Infect","NL5",157659037.9
74,"Phage","N","Infect","NL5",107008320.138571
77,"Phage","N","Infect","NL5",128413371.041429
79,"Phage","N","Infect","NL5",122604880.171429
81,"Phage","N","Infect","NL5",106618829.497143
84,"Phage","N","Infect","NL5",86206393.54
86,"Phage","N","Infect","NL5",94792990.4566667
88,"Phage","N","Infect","NL5",87127363.05
91,"Phage","N","Infect","NL5",85191199.4266667
93,"Phage","N","Infect","NL5",88786931.87
95,"Phage","N","Infect","NL5",177178728.306667
98,"Phage","N","Infect","NL5",143374891.985
100,"Phage","N","Infect","NL5",132805019.143333
102,"Phage","N","Infect","NL5",102798434.336
105,"Phage","N","Infect","NL5",301282865.208
107,"Phage","N","Infect","NL5",473451276.22
109,"Phage","N","Infect","NL5",344330894.9925
112,"Phage","N","Infect","NL5",156710712.86
114,"Phage","N","Infect","NL5",110124245.27
117,"Phage","N","Infect","NL5",208512968.17
119,"Phage","N","Infect","NL5",166121521.763889
121,"Phage","N","Infect","NL5",207031210.295
125,"Phage","N","Infect","NL5",137566401.115
129,"Phage","N","Infect","NL5",171291210.35
131,"Phage","N","Infect","NL5",128112785.8725
135,"Phage","N","Infect","NL5",151228208.7225
144,"Phage","N","Infect","NL5",310428274.8125
146,"Phage","N","Infect","NL5",294929087.44
149,"Phage","N","Infect","NL5",378381690.96
156,"Phage","N","Infect","NL5",NA
158,"Phage","N","Infect","NL5",NA
160,"Phage","N","Infect","NL5",NA
166,"Phage","N","Infect","NL5",NA
-125,"Syn","P","Control","PL1",89434741
-124,"Syn","P","Control","PL1",65846695.4
-118,"Syn","P","Control","PL1",2179739.164
-115,"Syn","P","Control","PL1",2898547.63
-112,"Syn","P","Control","PL1",1788368.29666667
-110,"Syn","P","Control","PL1",1161280.235
-108,"Syn","P","Control","PL1",721575.75125
-105,"Syn","P","Control","PL1",1902129.026
-103,"Syn","P","Control","PL1",1285489.711
-101,"Syn","P","Control","PL1",7825294.945
-98,"Syn","P","Control","PL1",12990077.77
-96,"Syn","P","Control","PL1",44805531.8
-89,"Syn","P","Control","PL1",104324205
-74,"Syn","P","Control","PL1",104324205
-68,"Syn","P","Control","PL1",125238024.5
-62,"Syn","P","Control","PL1",136111251.5
-55,"Syn","P","Control","PL1",110348560.5
-48,"Syn","P","Control","PL1",106430280.5
-46,"Syn","P","Control","PL1",84683826.5
-45,"Syn","P","Control","PL1",69255599
-41,"Syn","P","Control","PL1",19738335.5
-39,"Syn","P","Control","PL1",20228120.5
-34,"Syn","P","Control","PL1",103344635
-32,"Syn","P","Control","PL1",69206620.5
-27,"Syn","P","Control","PL1",111524044.5
-24,"Syn","P","Control","PL1",46970381.5
-19,"Syn","P","Control","PL1",143458026.5
-17,"Syn","P","Control","PL1",82871622
-13,"Syn","P","Control","PL1",32962530.5
-11,"Syn","P","Control","PL1",24342314.5
-6,"Syn","P","Control","PL1",24244357.5
0,"Syn","P","Control","PL1",51721296
2,"Syn","P","Control","PL1",18979168.75
4,"Syn","P","Control","PL1",19517932.25
7,"Syn","P","Control","PL1",8767151.5
9,"Syn","P","Control","PL1",14438861.8
11,"Syn","P","Control","PL1",25366944.72
14,"Syn","P","Control","PL1",28825479.8666667
16,"Syn","P","Control","PL1",32195200.6666667
18,"Syn","P","Control","PL1",17011865.6666667
21,"Syn","P","Control","PL1",19676296.0666667
23,"Syn","P","Control","PL1",28479365.1333333
25,"Syn","P","Control","PL1",40462771.4666667
28,"Syn","P","Control","PL1",42003961.6
30,"Syn","P","Control","PL1",25841056.6
32,"Syn","P","Control","PL1",20753823.0666667
35,"Syn","P","Control","PL1",23927629.8666667
37,"Syn","P","Control","PL1",28198555.0666667
39,"Syn","P","Control","PL1",18997127.5333333
42,"Syn","P","Control","PL1",20538317.6666667
44,"Syn","P","Control","PL1",24476189.0666667
46,"Syn","P","Control","PL1",27160210.8666667
49,"Syn","P","Control","PL1",15973521.4666667
51,"Syn","P","Control","PL1",30719315.2
53,"Syn","P","Control","PL1",42689660.6
56,"Syn","P","Control","PL1",118390830.2
58,"Syn","P","Control","PL1",84713213.6
60,"Syn","P","Control","PL1",30464627
63,"Syn","P","Control","PL1",23362744.5
65,"Syn","P","Control","PL1",52132715.4
67,"Syn","P","Control","PL1",45902650.2
70,"Syn","P","Control","PL1",11578517.4
72,"Syn","P","Control","PL1",10106713.475
74,"Syn","P","Control","PL1",30219734.5
77,"Syn","P","Control","PL1",9269181.125
79,"Syn","P","Control","PL1",7299020.9625
81,"Syn","P","Control","PL1",8060636.6375
84,"Syn","P","Control","PL1",17143563.4111111
86,"Syn","P","Control","PL1",16041683.2125
88,"Syn","P","Control","PL1",10298545.9333333
91,"Syn","P","Control","PL1",8541850.4
93,"Syn","P","Control","PL1",7859824.7875
95,"Syn","P","Control","PL1",12760531.8666667
98,"Syn","P","Control","PL1",13148278.325
100,"Syn","P","Control","PL1",11996059.1125
102,"Syn","P","Control","PL1",14203765
105,"Syn","P","Control","PL1",14262539.2
107,"Syn","P","Control","PL1",15589856.55
109,"Syn","P","Control","PL1",14708243.55
112,"Syn","P","Control","PL1",22192158.35
114,"Syn","P","Control","PL1",28152841.8
117,"Syn","P","Control","PL1",23348050.95
119,"Syn","P","Control","PL1",34108627.4
121,"Syn","P","Control","PL1",24704755.4
125,"Syn","P","Control","PL1",20428932.35
129,"Syn","P","Control","PL1",13145829.4
131,"Syn","P","Control","PL1",14666611.825
135,"Syn","P","Control","PL1",22135833.075
144,"Syn","P","Control","PL1",24707204.325
146,"Syn","P","Control","PL1",37752627.8
149,"Syn","P","Control","PL1",35166563
156,"Syn","P","Control","PL1",33359800.5555556
158,"Syn","P","Control","PL1",19889862.734375
160,"Syn","P","Control","PL1",42427625.625
166,"Syn","P","Control","PL1",42781087.1333333
-125,"Syn","P","Infect","PL2",93548935
-124,"Syn","P","Infect","PL2",38967294.6
-118,"Syn","P","Infect","PL2",78561.514
-115,"Syn","P","Infect","PL2",111670.98
-112,"Syn","P","Infect","PL2",18024.088
-110,"Syn","P","Infect","PL2",57990.544
-108,"Syn","P","Infect","PL2",13028.281
-105,"Syn","P","Infect","PL2",74349.363
-103,"Syn","P","Infect","PL2",150363.995
-101,"Syn","P","Infect","PL2",1038670.72333333
-98,"Syn","P","Infect","PL2",3046952.485
-96,"Syn","P","Infect","PL2",15531082.35
-89,"Syn","P","Infect","PL2",38546079.5
-74,"Syn","P","Infect","PL2",37493041.75
-68,"Syn","P","Infect","PL2",103932377
-62,"Syn","P","Infect","PL2",304597291.5
-55,"Syn","P","Infect","PL2",177449105.5
-48,"Syn","P","Infect","PL2",88063343
-46,"Syn","P","Infect","PL2",180191901.5
-45,"Syn","P","Infect","PL2",174265503
-41,"Syn","P","Infect","PL2",203799538.5
-39,"Syn","P","Infect","PL2",132927649
-34,"Syn","P","Infect","PL2",155016952.5
-32,"Syn","P","Infect","PL2",200420022
-27,"Syn","P","Infect","PL2",169563567
-24,"Syn","P","Infect","PL2",77581944
-19,"Syn","P","Infect","PL2",140813187.5
-17,"Syn","P","Infect","PL2",58088501
-13,"Syn","P","Infect","PL2",73761621
-11,"Syn","P","Infect","PL2",21893389.5
-6,"Syn","P","Infect","PL2",53753903.75
0,"Syn","P","Infect","PL2",120266706.75
2,"Syn","P","Infect","PL2",42190079.9
4,"Syn","P","Infect","PL2",24645981.2
7,"Syn","P","Infect","PL2",20747292.6
9,"Syn","P","Infect","PL2",11794022.8
11,"Syn","P","Infect","PL2",16801584.64
14,"Syn","P","Infect","PL2",11723003.975
16,"Syn","P","Infect","PL2",12790735.275
18,"Syn","P","Infect","PL2",13250316.8666667
21,"Syn","P","Infect","PL2",6776991.78333333
23,"Syn","P","Infect","PL2",7139106.16
25,"Syn","P","Infect","PL2",5406472.88461538
28,"Syn","P","Infect","PL2",9073078.74615385
30,"Syn","P","Infect","PL2",9327013.43076923
32,"Syn","P","Infect","PL2",6645252.17692308
35,"Syn","P","Infect","PL2",7767990.1
37,"Syn","P","Infect","PL2",8361006.70769231
39,"Syn","P","Infect","PL2",3524191.45384615
42,"Syn","P","Infect","PL2",2967343.58461538
44,"Syn","P","Infect","PL2",2044852.375
46,"Syn","P","Infect","PL2",2323417.59375
49,"Syn","P","Infect","PL2",2852385.39375
51,"Syn","P","Infect","PL2",4453370.1125
53,"Syn","P","Infect","PL2",13357661.4125
56,"Syn","P","Infect","PL2",1214666.8
58,"Syn","P","Infect","PL2",2792754.07
60,"Syn","P","Infect","PL2",1230339.92
63,"Syn","P","Infect","PL2",929367.0375
65,"Syn","P","Infect","PL2",4874340.32
67,"Syn","P","Infect","PL2",3168908.95
70,"Syn","P","Infect","PL2",934019.995
72,"Syn","P","Infect","PL2",853858.516666667
74,"Syn","P","Infect","PL2",1345509.36428571
77,"Syn","P","Infect","PL2",533559.534375
79,"Syn","P","Infect","PL2",496641.99
81,"Syn","P","Infect","PL2",498181.314285714
84,"Syn","P","Infect","PL2",1378967.40454545
86,"Syn","P","Infect","PL2",1354700.78409091
88,"Syn","P","Infect","PL2",1164129.89318182
91,"Syn","P","Infect","PL2",2080695.73181818
93,"Syn","P","Infect","PL2",823328.585
95,"Syn","P","Infect","PL2",846437.531818182
98,"Syn","P","Infect","PL2",922510.0475
100,"Syn","P","Infect","PL2",1080710.6025
102,"Syn","P","Infect","PL2",1160790.45
105,"Syn","P","Infect","PL2",1555067.375
107,"Syn","P","Infect","PL2",1644759.253125
109,"Syn","P","Infect","PL2",1280175.54375
112,"Syn","P","Infect","PL2",2053729.728125
114,"Syn","P","Infect","PL2",2983840.18928571
117,"Syn","P","Infect","PL2",5362096.21071429
119,"Syn","P","Infect","PL2",5266658.105
121,"Syn","P","Infect","PL2",5496612.1625
125,"Syn","P","Infect","PL2",10084673.15
129,"Syn","P","Infect","PL2",7149636.5375
131,"Syn","P","Infect","PL2",11992385.725
135,"Syn","P","Infect","PL2",5194169.925
144,"Syn","P","Infect","PL2",34520046.8
146,"Syn","P","Infect","PL2",153895344.85
149,"Syn","P","Infect","PL2",46176929.8
156,"Syn","P","Infect","PL2",47794852.9166667
158,"Syn","P","Infect","PL2",37458348.6458333
160,"Syn","P","Infect","PL2",85778700.0520833
166,"Syn","P","Infect","PL2",74192631.8
-125,"Phage","P","Infect","PL2",NA
-124,"Phage","P","Infect","PL2",NA
-118,"Phage","P","Infect","PL2",NA
-115,"Phage","P","Infect","PL2",NA
-112,"Phage","P","Infect","PL2",NA
-110,"Phage","P","Infect","PL2",NA
-108,"Phage","P","Infect","PL2",NA
-105,"Phage","P","Infect","PL2",NA
-103,"Phage","P","Infect","PL2",NA
-101,"Phage","P","Infect","PL2",NA
-98,"Phage","P","Infect","PL2",NA
-96,"Phage","P","Infect","PL2",NA
-89,"Phage","P","Infect","PL2",NA
-74,"Phage","P","Infect","PL2",NA
-68,"Phage","P","Infect","PL2",NA
-62,"Phage","P","Infect","PL2",NA
-55,"Phage","P","Infect","PL2",NA
-48,"Phage","P","Infect","PL2",NA
-46,"Phage","P","Infect","PL2",NA
-45,"Phage","P","Infect","PL2",NA
-41,"Phage","P","Infect","PL2",NA
-39,"Phage","P","Infect","PL2",NA
-34,"Phage","P","Infect","PL2",NA
-32,"Phage","P","Infect","PL2",NA
-27,"Phage","P","Infect","PL2",NA
-24,"Phage","P","Infect","PL2",NA
-19,"Phage","P","Infect","PL2",NA
-17,"Phage","P","Infect","PL2",NA
-13,"Phage","P","Infect","PL2",NA
-11,"Phage","P","Infect","PL2",NA
-6,"Phage","P","Infect","PL2",NA
0,"Phage","P","Infect","PL2",NA
2,"Phage","P","Infect","PL2",2102120.50533333
4,"Phage","P","Infect","PL2",24957882.9277143
7,"Phage","P","Infect","PL2",130218199.173111
9,"Phage","P","Infect","PL2",210947002.439333
11,"Phage","P","Infect","PL2",152723437.123636
14,"Phage","P","Infect","PL2",97120338.159
16,"Phage","P","Infect","PL2",71524452.62625
18,"Phage","P","Infect","PL2",179847054.644706
21,"Phage","P","Infect","PL2",187085006.052941
23,"Phage","P","Infect","PL2",134804404.436
25,"Phage","P","Infect","PL2",104256484.085
28,"Phage","P","Infect","PL2",262389684.505
30,"Phage","P","Infect","PL2",28540936.3
32,"Phage","P","Infect","PL2",659870094.66
35,"Phage","P","Infect","PL2",253093363.56
37,"Phage","P","Infect","PL2",268084194
39,"Phage","P","Infect","PL2",176884172.801818
42,"Phage","P","Infect","PL2",43622951.84
44,"Phage","P","Infect","PL2",34681601.4628571
46,"Phage","P","Infect","PL2",101583080.929474
49,"Phage","P","Infect","PL2",147851360.512632
51,"Phage","P","Infect","PL2",160914953.870667
53,"Phage","P","Infect","PL2",130457914.669333
56,"Phage","P","Infect","PL2",117434250.786667
58,"Phage","P","Infect","PL2",191172167.438571
60,"Phage","P","Infect","PL2",183825784.374074
63,"Phage","P","Infect","PL2",97282343.6866667
65,"Phage","P","Infect","PL2",210900715.145714
67,"Phage","P","Infect","PL2",210900715.145714
70,"Phage","P","Infect","PL2",360177237.067143
72,"Phage","P","Infect","PL2",162976431.874286
74,"Phage","P","Infect","PL2",77728784.5285714
77,"Phage","P","Infect","PL2",213313863.685
79,"Phage","P","Infect","PL2",149153747.6975
81,"Phage","P","Infect","PL2",160948540.3825
84,"Phage","P","Infect","PL2",81403544.0585714
86,"Phage","P","Infect","PL2",77723139.7366667
88,"Phage","P","Infect","PL2",155446279.473333
91,"Phage","P","Infect","PL2",108543703.536667
93,"Phage","P","Infect","PL2",29160994.98
95,"Phage","P","Infect","PL2",125574040.713333
98,"Phage","P","Infect","PL2",215230270.536667
100,"Phage","P","Infect","PL2",91276285.1
102,"Phage","P","Infect","PL2",219110500.492
105,"Phage","P","Infect","PL2",239778059.3325
107,"Phage","P","Infect","PL2",280230049.32
109,"Phage","P","Infect","PL2",319704079.11
112,"Phage","P","Infect","PL2",61700397.915
114,"Phage","P","Infect","PL2",166976331.418
117,"Phage","P","Infect","PL2",233050878.58
119,"Phage","P","Infect","PL2",113265571.965
121,"Phage","P","Infect","PL2",287698109.01
125,"Phage","P","Infect","PL2",70223469.212
129,"Phage","P","Infect","PL2",83002149.126
131,"Phage","P","Infect","PL2",99716377.956
135,"Phage","P","Infect","PL2",156592172.23
144,"Phage","P","Infect","PL2",174610347.99
146,"Phage","P","Infect","PL2",187442371.1875
149,"Phage","P","Infect","PL2",237940679.5675
156,"Phage","P","Infect","PL2",NA
158,"Phage","P","Infect","PL2",NA
160,"Phage","P","Infect","PL2",NA
166,"Phage","P","Infect","PL2",NA
-125,"Syn","P","Control","PL3",74173040.4
-124,"Syn","P","Control","PL3",53719618.8
-118,"Syn","P","Control","PL3",1062833.45
-115,"Syn","P","Control","PL3",1611025.31125
-112,"Syn","P","Control","PL3",661087.30375
-110,"Syn","P","Control","PL3",227162.283
-108,"Syn","P","Control","PL3",213252.389
-105,"Syn","P","Control","PL3",885139.452
-103,"Syn","P","Control","PL3",24792916.7
-101,"Syn","P","Control","PL3",54033081.2
-98,"Syn","P","Control","PL3",136552058
-96,"Syn","P","Control","PL3",110691410
-89,"Syn","P","Control","PL3",102365065
-74,"Syn","P","Control","PL3",92667322
-68,"Syn","P","Control","PL3",126021680.5
-62,"Syn","P","Control","PL3",151539479
-55,"Syn","P","Control","PL3",108977162.5
-48,"Syn","P","Control","PL3",41190918.5
-46,"Syn","P","Control","PL3",17534303
-45,"Syn","P","Control","PL3",8571237.5
-41,"Syn","P","Control","PL3",18856722.5
-39,"Syn","P","Control","PL3",21942368
-34,"Syn","P","Control","PL3",28064680.5
-32,"Syn","P","Control","PL3",30366670
-27,"Syn","P","Control","PL3",68569900
-24,"Syn","P","Control","PL3",10236506.5
-19,"Syn","P","Control","PL3",14154786.5
-17,"Syn","P","Control","PL3",16554733
-13,"Syn","P","Control","PL3",8669194.5
-11,"Syn","P","Control","PL3",8032474
-6,"Syn","P","Control","PL3",6710054.5
0,"Syn","P","Control","PL3",9599786
2,"Syn","P","Control","PL3",7959006.25
4,"Syn","P","Control","PL3",7098617.26666667
7,"Syn","P","Control","PL3",7967169.33333333
9,"Syn","P","Control","PL3",16868195.4
11,"Syn","P","Control","PL3",15986582.4
14,"Syn","P","Control","PL3",9972022.6
16,"Syn","P","Control","PL3",13256847.3333333
18,"Syn","P","Control","PL3",5746810.66666667
21,"Syn","P","Control","PL3",5857828.6
23,"Syn","P","Control","PL3",4832545.33333333
25,"Syn","P","Control","PL3",9586725.06666667
28,"Syn","P","Control","PL3",5544366.2
30,"Syn","P","Control","PL3",9312445.46666667
32,"Syn","P","Control","PL3",6406387.8
35,"Syn","P","Control","PL3",7921456.06666667
37,"Syn","P","Control","PL3",7758194.4
39,"Syn","P","Control","PL3",10474868.5333333
42,"Syn","P","Control","PL3",12016058.6666667
44,"Syn","P","Control","PL3",31816433.6
46,"Syn","P","Control","PL3",NA
49,"Syn","P","Control","PL3",11232402.6666667
51,"Syn","P","Control","PL3",7359835.93333333
53,"Syn","P","Control","PL3",1959140
56,"Syn","P","Control","PL3",1724043.2
58,"Syn","P","Control","PL3",10077816.16
60,"Syn","P","Control","PL3",6259452.3
63,"Syn","P","Control","PL3",8155736.55833333
65,"Syn","P","Control","PL3",4304230.58
67,"Syn","P","Control","PL3",5207394.12
70,"Syn","P","Control","PL3",1688778.68
72,"Syn","P","Control","PL3",2488107.8
74,"Syn","P","Control","PL3",592639.85
77,"Syn","P","Control","PL3",4722751.8625
79,"Syn","P","Control","PL3",3148705.31875
81,"Syn","P","Control","PL3",4062766.575
84,"Syn","P","Control","PL3",9706994.49444445
86,"Syn","P","Control","PL3",11601782.1875
88,"Syn","P","Control","PL3",4459220.32222222
91,"Syn","P","Control","PL3",4577857.13333333
93,"Syn","P","Control","PL3",2978981.21111111
95,"Syn","P","Control","PL3",4870911.825
98,"Syn","P","Control","PL3",3990523.2875
100,"Syn","P","Control","PL3",4486430.6
102,"Syn","P","Control","PL3",7531668.8375
105,"Syn","P","Control","PL3",9232447.25
107,"Syn","P","Control","PL3",8012882.6
109,"Syn","P","Control","PL3",12412784.5166667
112,"Syn","P","Control","PL3",10148345.2
114,"Syn","P","Control","PL3",11978508.4833333
117,"Syn","P","Control","PL3",20652600.8333333
119,"Syn","P","Control","PL3",17561241.175
121,"Syn","P","Control","PL3",41078267.95
125,"Syn","P","Control","PL3",NA
129,"Syn","P","Control","PL3",19121206.4
131,"Syn","P","Control","PL3",20517093.65
135,"Syn","P","Control","PL3",15374351.15
144,"Syn","P","Control","PL3",12847060.55
146,"Syn","P","Control","PL3",13366232.65
149,"Syn","P","Control","PL3",14524574.175
156,"Syn","P","Control","PL3",14800690.46875
158,"Syn","P","Control","PL3",11986977.6822917
160,"Syn","P","Control","PL3",10214058.0208333
166,"Syn","P","Control","PL3",14306619.85
-125,"Syn","P","Infect","PL4",75730556.7
-124,"Syn","P","Infect","PL4",39329735.5
-118,"Syn","P","Infect","PL4",261643.147
-115,"Syn","P","Infect","PL4",190428.408
-112,"Syn","P","Infect","PL4",38595.058
-110,"Syn","P","Infect","PL4",45941.833
-108,"Syn","P","Infect","PL4",40652.155
-105,"Syn","P","Infect","PL4",39770.542
-103,"Syn","P","Infect","PL4",64455.706
-101,"Syn","P","Infect","PL4",334523.155
-98,"Syn","P","Infect","PL4",1226225.726
-96,"Syn","P","Infect","PL4",1524798.662
-89,"Syn","P","Infect","PL4",33697208
-74,"Syn","P","Infect","PL4",23068873.5
-68,"Syn","P","Infect","PL4",71880846.6
-62,"Syn","P","Infect","PL4",215358464.5
-55,"Syn","P","Infect","PL4",162314749
-48,"Syn","P","Infect","PL4",84145063
-46,"Syn","P","Infect","PL4",129939960.5
-45,"Syn","P","Infect","PL4",164028996.5
-41,"Syn","P","Infect","PL4",61908824
-39,"Syn","P","Infect","PL4",95312161
-34,"Syn","P","Infect","PL4",98740656
-32,"Syn","P","Infect","PL4",90267375.5
-27,"Syn","P","Infect","PL4",129793025
-24,"Syn","P","Infect","PL4",95655010.5
-19,"Syn","P","Infect","PL4",54366135
-17,"Syn","P","Infect","PL4",104520119
-13,"Syn","P","Infect","PL4",41876617.5
-11,"Syn","P","Infect","PL4",19934249.5
-6,"Syn","P","Infect","PL4",36954278.25
0,"Syn","P","Infect","PL4",46456107.25
2,"Syn","P","Infect","PL4",31571541.1
4,"Syn","P","Infect","PL4",16019234.7333333
7,"Syn","P","Infect","PL4",8607155.06666667
9,"Syn","P","Infect","PL4",13883772.1333333
11,"Syn","P","Infect","PL4",10661639.88
14,"Syn","P","Infect","PL4",22341542.775
16,"Syn","P","Infect","PL4",17311450.825
18,"Syn","P","Infect","PL4",7395753.5
21,"Syn","P","Infect","PL4",4900298.925
23,"Syn","P","Infect","PL4",2333825.525
25,"Syn","P","Infect","PL4",1591189.01875
28,"Syn","P","Infect","PL4",3503799.44375
30,"Syn","P","Infect","PL4",2706062.125
32,"Syn","P","Infect","PL4",2845650.85
35,"Syn","P","Infect","PL4",2691368.575
37,"Syn","P","Infect","PL4",4465002.50625
39,"Syn","P","Infect","PL4",879164.075
42,"Syn","P","Infect","PL4",468969.1375
44,"Syn","P","Infect","PL4",403170.389473684
46,"Syn","P","Infect","PL4",1128546.27083333
49,"Syn","P","Infect","PL4",423664.025
51,"Syn","P","Infect","PL4",330218.202631579
53,"Syn","P","Infect","PL4",473396.040384615
56,"Syn","P","Infect","PL4",1770007.63846154
58,"Syn","P","Infect","PL4",1628535.125
60,"Syn","P","Infect","PL4",482438.225
63,"Syn","P","Infect","PL4",297911.72625
65,"Syn","P","Infect","PL4",484887.15
67,"Syn","P","Infect","PL4",1422580.5325
70,"Syn","P","Infect","PL4",524559.735
72,"Syn","P","Infect","PL4",1329521.3825
74,"Syn","P","Infect","PL4",2026730.33
77,"Syn","P","Infect","PL4",2163380.345
79,"Syn","P","Infect","PL4",3498534.255
81,"Syn","P","Infect","PL4",3211823.4452381
84,"Syn","P","Infect","PL4",3471409.4952381
86,"Syn","P","Infect","PL4",5967127.98947368
88,"Syn","P","Infect","PL4",9192914.60357143
91,"Syn","P","Infect","PL4",8808083.53214286
93,"Syn","P","Infect","PL4",10273240.375
95,"Syn","P","Infect","PL4",7877701.94
98,"Syn","P","Infect","PL4",8863639.145
100,"Syn","P","Infect","PL4",8028065.935
102,"Syn","P","Infect","PL4",7745949.775
105,"Syn","P","Infect","PL4",8715234.29
107,"Syn","P","Infect","PL4",7262531.98
109,"Syn","P","Infect","PL4",12442987.925
112,"Syn","P","Infect","PL4",10805881.5625
114,"Syn","P","Infect","PL4",NA
117,"Syn","P","Infect","PL4",37463654.65
119,"Syn","P","Infect","PL4",29680971
121,"Syn","P","Infect","PL4",22241136.85
125,"Syn","P","Infect","PL4",25826363.05
129,"Syn","P","Infect","PL4",22270523.95
131,"Syn","P","Infect","PL4",26898992.2
135,"Syn","P","Infect","PL4",33040896.1
144,"Syn","P","Infect","PL4",28794460.15
146,"Syn","P","Infect","PL4",52700866
149,"Syn","P","Infect","PL4",14948238.2
156,"Syn","P","Infect","PL4",25230730.0694444
158,"Syn","P","Infect","PL4",17523418.8888889
160,"Syn","P","Infect","PL4",29101392.0833333
166,"Syn","P","Infect","PL4",19439566.65
-125,"Phage","P","Infect","PL4",NA
-124,"Phage","P","Infect","PL4",NA
-118,"Phage","P","Infect","PL4",NA
-115,"Phage","P","Infect","PL4",NA
-112,"Phage","P","Infect","PL4",NA
-110,"Phage","P","Infect","PL4",NA
-108,"Phage","P","Infect","PL4",NA
-105,"Phage","P","Infect","PL4",NA
-103,"Phage","P","Infect","PL4",NA
-101,"Phage","P","Infect","PL4",NA
-98,"Phage","P","Infect","PL4",NA
-96,"Phage","P","Infect","PL4",NA
-89,"Phage","P","Infect","PL4",NA
-74,"Phage","P","Infect","PL4",NA
-68,"Phage","P","Infect","PL4",NA
-62,"Phage","P","Infect","PL4",NA
-55,"Phage","P","Infect","PL4",NA
-48,"Phage","P","Infect","PL4",NA
-46,"Phage","P","Infect","PL4",NA
-45,"Phage","P","Infect","PL4",NA
-41,"Phage","P","Infect","PL4",NA
-39,"Phage","P","Infect","PL4",NA
-34,"Phage","P","Infect","PL4",NA
-32,"Phage","P","Infect","PL4",NA
-27,"Phage","P","Infect","PL4",NA
-24,"Phage","P","Infect","PL4",NA
-19,"Phage","P","Infect","PL4",NA
-17,"Phage","P","Infect","PL4",NA
-13,"Phage","P","Infect","PL4",NA
-11,"Phage","P","Infect","PL4",NA
-6,"Phage","P","Infect","PL4",NA
0,"Phage","P","Infect","PL4",NA
2,"Phage","P","Infect","PL4",2299688.222
4,"Phage","P","Infect","PL4",68943230.408
7,"Phage","P","Infect","PL4",127794701.848667
9,"Phage","P","Infect","PL4",272817308.590667
11,"Phage","P","Infect","PL4",280294707.845455
14,"Phage","P","Infect","PL4",209437585.084
16,"Phage","P","Infect","PL4",224352959.85375
18,"Phage","P","Infect","PL4",432924326.716471
21,"Phage","P","Infect","PL4",624531309.155
23,"Phage","P","Infect","PL4",307273118.377333
25,"Phage","P","Infect","PL4",370429752.304918
28,"Phage","P","Infect","PL4",375554952.86
30,"Phage","P","Infect","PL4",336673626.22
32,"Phage","P","Infect","PL4",606946262.62
35,"Phage","P","Infect","PL4",428843525.3
37,"Phage","P","Infect","PL4",450746186.32
39,"Phage","P","Infect","PL4",304089045.212727
42,"Phage","P","Infect","PL4",94030075.12
44,"Phage","P","Infect","PL4",113762530.76
46,"Phage","P","Infect","PL4",239962709.16
49,"Phage","P","Infect","PL4",363992682.18
51,"Phage","P","Infect","PL4",290059803.1
53,"Phage","P","Infect","PL4",339135623.92
56,"Phage","P","Infect","PL4",135336925.42
58,"Phage","P","Infect","PL4",92072200.7585714
60,"Phage","P","Infect","PL4",105224565.896667
63,"Phage","P","Infect","PL4",81457169.5816667
65,"Phage","P","Infect","PL4",115678720.504286
67,"Phage","P","Infect","PL4",115678720.504286
70,"Phage","P","Infect","PL4",171612963.488571
72,"Phage","P","Infect","PL4",118371286.242857
74,"Phage","P","Infect","PL4",173560416.695714
77,"Phage","P","Infect","PL4",208275886.91
79,"Phage","P","Infect","PL4",78518349.79625
81,"Phage","P","Infect","PL4",160296566.9175
84,"Phage","P","Infect","PL4",160852159.374775
86,"Phage","P","Infect","PL4",22463449.385
88,"Phage","P","Infect","PL4",291002429.07125
91,"Phage","P","Infect","PL4",232798979.74125
93,"Phage","P","Infect","PL4",335865118.333333
95,"Phage","P","Infect","PL4",280842509.241667
98,"Phage","P","Infect","PL4",385454615.216667
100,"Phage","P","Infect","PL4",122926633.31
102,"Phage","P","Infect","PL4",143031124.158
105,"Phage","P","Infect","PL4",152917412.7
107,"Phage","P","Infect","PL4",428791093.8675
109,"Phage","P","Infect","PL4",408965173.5
112,"Phage","P","Infect","PL4",241763614.885
114,"Phage","P","Infect","PL4",NA
117,"Phage","P","Infect","PL4",210172536.99
119,"Phage","P","Infect","PL4",186899059.966667
121,"Phage","P","Infect","PL4",163467528.77
125,"Phage","P","Infect","PL4",149835356.32
129,"Phage","P","Infect","PL4",50063659.4033333
131,"Phage","P","Infect","PL4",70432890.9916667
135,"Phage","P","Infect","PL4",200274394.385
144,"Phage","P","Infect","PL4",333336251.56
146,"Phage","P","Infect","PL4",745959250.214286
149,"Phage","P","Infect","PL4",378302663.873333
156,"Phage","P","Infect","PL4",NA
158,"Phage","P","Infect","PL4",NA
160,"Phage","P","Infect","PL4",NA
166,"Phage","P","Infect","PL4",NA
-125,"Syn","P","Infect","PL5",85310751.3
-124,"Syn","P","Infect","PL5",36773057.8
-118,"Syn","P","Infect","PL5",16358.819
-115,"Syn","P","Infect","PL5",42513.338
-112,"Syn","P","Infect","PL5",44276.564
-110,"Syn","P","Infect","PL5",38888.929
-108,"Syn","P","Infect","PL5",34774.735
-105,"Syn","P","Infect","PL5",35362.477
-103,"Syn","P","Infect","PL5",202379.162
-101,"Syn","P","Infect","PL5",634859.317
-98,"Syn","P","Infect","PL5",1021103.768
-96,"Syn","P","Infect","PL5",1574266.947
-89,"Syn","P","Infect","PL5",78120707.5
-74,"Syn","P","Infect","PL5",26399411.5
-68,"Syn","P","Infect","PL5",6220269.5
-62,"Syn","P","Infect","PL5",7949210.55
-55,"Syn","P","Infect","PL5",46656919.1
-48,"Syn","P","Infect","PL5",164812652.5
-46,"Syn","P","Infect","PL5",50594790.5
-45,"Syn","P","Infect","PL5",53435543.5
-41,"Syn","P","Infect","PL5",99034527
-39,"Syn","P","Infect","PL5",54072264
-34,"Syn","P","Infect","PL5",176322600
-32,"Syn","P","Infect","PL5",118038185
-27,"Syn","P","Infect","PL5",78904363.5
-24,"Syn","P","Infect","PL5",37174681.5
-19,"Syn","P","Infect","PL5",77239094.5
-17,"Syn","P","Infect","PL5",72194309
-13,"Syn","P","Infect","PL5",20913819.5
-11,"Syn","P","Infect","PL5",10530377.5
-6,"Syn","P","Infect","PL5",24807610.25
0,"Syn","P","Infect","PL5",34309439.25
2,"Syn","P","Infect","PL5",9874065.6
4,"Syn","P","Infect","PL5",9854474.2
7,"Syn","P","Infect","PL5",6452101.06666667
9,"Syn","P","Infect","PL5",15261700.6
11,"Syn","P","Infect","PL5",14192010.16
14,"Syn","P","Infect","PL5",14749875.275
16,"Syn","P","Infect","PL5",9499380.075
18,"Syn","P","Infect","PL5",7706766.975
21,"Syn","P","Infect","PL5",8870006.35
23,"Syn","P","Infect","PL5",14999665.625
25,"Syn","P","Infect","PL5",16011071.65
28,"Syn","P","Infect","PL5",11588313.1
30,"Syn","P","Infect","PL5",12114831.975
32,"Syn","P","Infect","PL5",8336140.7
35,"Syn","P","Infect","PL5",9207958
37,"Syn","P","Infect","PL5",39650544.675
39,"Syn","P","Infect","PL5",4525613.4
42,"Syn","P","Infect","PL5",5492938.775
44,"Syn","P","Infect","PL5",8086350.35
46,"Syn","P","Infect","PL5",4639896.56666667
49,"Syn","P","Infect","PL5",3307681.36666667
51,"Syn","P","Infect","PL5",4713690.84
53,"Syn","P","Infect","PL5",7045067.44
56,"Syn","P","Infect","PL5",6669892.13
58,"Syn","P","Infect","PL5",5916602.8
60,"Syn","P","Infect","PL5",7262531.98
63,"Syn","P","Infect","PL5",2751612.13
65,"Syn","P","Infect","PL5",6354470.59
67,"Syn","P","Infect","PL5",2880915.37
70,"Syn","P","Infect","PL5",1673105.56
72,"Syn","P","Infect","PL5",1299889.39
74,"Syn","P","Infect","PL5",499580.7
77,"Syn","P","Infect","PL5",713453.483333333
79,"Syn","P","Infect","PL5",627537.03125
81,"Syn","P","Infect","PL5",592095.644444444
84,"Syn","P","Infect","PL5",1239400.9425
86,"Syn","P","Infect","PL5",740663.761111111
88,"Syn","P","Infect","PL5",560417.152631579
91,"Syn","P","Infect","PL5",630533.742105263
93,"Syn","P","Infect","PL5",393297.355
95,"Syn","P","Infect","PL5",665862.7075
98,"Syn","P","Infect","PL5",1513190.7575
100,"Syn","P","Infect","PL5",1137770.555
102,"Syn","P","Infect","PL5",1900093.69722222
105,"Syn","P","Infect","PL5",NA
107,"Syn","P","Infect","PL5",1000079.746875
109,"Syn","P","Infect","PL5",1032834.11875
112,"Syn","P","Infect","PL5",464377.403125
114,"Syn","P","Infect","PL5",1117254.00555556
117,"Syn","P","Infect","PL5",2598581.52777778
119,"Syn","P","Infect","PL5",1950784.84411765
121,"Syn","P","Infect","PL5",1681921.69
125,"Syn","P","Infect","PL5",1771389.08333333
129,"Syn","P","Infect","PL5",1701186.56666667
131,"Syn","P","Infect","PL5",2389497.75333333
135,"Syn","P","Infect","PL5",2397660.83666667
144,"Syn","P","Infect","PL5",5494081.60666667
146,"Syn","P","Infect","PL5",10531077.1928571
149,"Syn","P","Infect","PL5",10481399
156,"Syn","P","Infect","PL5",17940926.5885417
158,"Syn","P","Infect","PL5",32614068.8802083
160,"Syn","P","Infect","PL5",83510893.4635417
166,"Syn","P","Infect","PL5",111891383.25
-125,"Phage","P","Infect","PL5",NA
-124,"Phage","P","Infect","PL5",NA
-118,"Phage","P","Infect","PL5",NA
-115,"Phage","P","Infect","PL5",NA
-112,"Phage","P","Infect","PL5",NA
-110,"Phage","P","Infect","PL5",NA
-108,"Phage","P","Infect","PL5",NA
-105,"Phage","P","Infect","PL5",NA
-103,"Phage","P","Infect","PL5",NA
-101,"Phage","P","Infect","PL5",NA
-98,"Phage","P","Infect","PL5",NA
-96,"Phage","P","Infect","PL5",NA
-89,"Phage","P","Infect","PL5",NA
-74,"Phage","P","Infect","PL5",NA
-68,"Phage","P","Infect","PL5",NA
-62,"Phage","P","Infect","PL5",NA
-55,"Phage","P","Infect","PL5",NA
-48,"Phage","P","Infect","PL5",NA
-46,"Phage","P","Infect","PL5",NA
-45,"Phage","P","Infect","PL5",NA
-41,"Phage","P","Infect","PL5",NA
-39,"Phage","P","Infect","PL5",NA
-34,"Phage","P","Infect","PL5",NA
-32,"Phage","P","Infect","PL5",NA
-27,"Phage","P","Infect","PL5",NA
-24,"Phage","P","Infect","PL5",NA
-19,"Phage","P","Infect","PL5",NA
-17,"Phage","P","Infect","PL5",NA
-13,"Phage","P","Infect","PL5",NA
-11,"Phage","P","Infect","PL5",NA
-6,"Phage","P","Infect","PL5",NA
0,"Phage","P","Infect","PL5",NA
2,"Phage","P","Infect","PL5",1841331.11933333
4,"Phage","P","Infect","PL5",24537910.41
7,"Phage","P","Infect","PL5",145083194.175111
9,"Phage","P","Infect","PL5",254601565.114
11,"Phage","P","Infect","PL5",244581648.952727
14,"Phage","P","Infect","PL5",293204860.094546
16,"Phage","P","Infect","PL5",274451193.6075
18,"Phage","P","Infect","PL5",448543797.963529
21,"Phage","P","Infect","PL5",859404749.92125
23,"Phage","P","Infect","PL5",383290667.637647
25,"Phage","P","Infect","PL5",496143339.677143
28,"Phage","P","Infect","PL5",511493699.94
30,"Phage","P","Infect","PL5",356807296.3
32,"Phage","P","Infect","PL5",507007393.02
35,"Phage","P","Infect","PL5",544283861.9
37,"Phage","P","Infect","PL5",513919223.6
39,"Phage","P","Infect","PL5",547808580.492727
42,"Phage","P","Infect","PL5",274726377.212857
44,"Phage","P","Infect","PL5",190748808.045714
46,"Phage","P","Infect","PL5",473840766.861429
49,"Phage","P","Infect","PL5",850706831.195
51,"Phage","P","Infect","PL5",501090999.781667
53,"Phage","P","Infect","PL5",449170203.841667
56,"Phage","P","Infect","PL5",582212304.245
58,"Phage","P","Infect","PL5",470453891.718571
60,"Phage","P","Infect","PL5",525194261.215
63,"Phage","P","Infect","PL5",451054999.858667
65,"Phage","P","Infect","PL5",189834351.757143
67,"Phage","P","Infect","PL5",189834351.757143
70,"Phage","P","Infect","PL5",219113887.367143
72,"Phage","P","Infect","PL5",198809570.885714
74,"Phage","P","Infect","PL5",76475640.7257143
77,"Phage","P","Infect","PL5",176610721.12125
79,"Phage","P","Infect","PL5",80089013.14375
81,"Phage","P","Infect","PL5",159807586.81875
84,"Phage","P","Infect","PL5",231679194.147143
86,"Phage","P","Infect","PL5",233228689.525
88,"Phage","P","Infect","PL5",334067252.111667
91,"Phage","P","Infect","PL5",492812912.453333
93,"Phage","P","Infect","PL5",442796669.302
95,"Phage","P","Infect","PL5",183998765.886
98,"Phage","P","Infect","PL5",403887683.181667
100,"Phage","P","Infect","PL5",312097722.018333
102,"Phage","P","Infect","PL5",283051316.314
105,"Phage","P","Infect","PL5",NA
107,"Phage","P","Infect","PL5",257648059.305
109,"Phage","P","Infect","PL5",203089734.3475
112,"Phage","P","Infect","PL5",130483598.4725
114,"Phage","P","Infect","PL5",88786931.87
117,"Phage","P","Infect","PL5",101352238.65
119,"Phage","P","Infect","PL5",123356343.09375
121,"Phage","P","Infect","PL5",161503141.187143
125,"Phage","P","Infect","PL5",86314513.0157143
129,"Phage","P","Infect","PL5",73867746.8657143
131,"Phage","P","Infect","PL5",112105567.228571
135,"Phage","P","Infect","PL5",193712323.795714
144,"Phage","P","Infect","PL5",242872816.494286
146,"Phage","P","Infect","PL5",392922674.906667
149,"Phage","P","Infect","PL5",573973730.46
156,"Phage","P","Infect","PL5",NA
158,"Phage","P","Infect","PL5",NA
160,"Phage","P","Infect","PL5",NA
166,"Phage","P","Infect","PL5",NA
